[
  {
    "pk": 1,
    "model": "product.taxclass",
    "fields": {
      "priority": 0,
      "rate": "7.6",
      "name": "MwSt"
    }
  },
  {
    "pk": 1,
    "model": "product.category",
    "fields": {
      "description": "",
      "parent": null,
      "ordering": 0,
      "is_internal": false,
      "is_active": true,
      "slug": "kleider",
      "name": "Kleider"
    }
  },
  {
    "pk": 1,
    "model": "product.optiongroup",
    "fields": {
      "name": "Size"
    }
  },
  {
    "pk": 2,
    "model": "product.optiongroup",
    "fields": {
      "name": "Color"
    }
  },
  {
    "pk": 3,
    "model": "product.optiongroup",
    "fields": {
      "name": "Hosenl\u00e4nge"
    }
  },
  {
    "pk": 6,
    "model": "product.option",
    "fields": {
      "ordering": 0,
      "group": 1,
      "name": "XS",
      "value": "xs"
    }
  },
  {
    "pk": 1,
    "model": "product.option",
    "fields": {
      "ordering": 1,
      "group": 1,
      "name": "S",
      "value": "s"
    }
  },
  {
    "pk": 2,
    "model": "product.option",
    "fields": {
      "ordering": 2,
      "group": 1,
      "name": "M",
      "value": "m"
    }
  },
  {
    "pk": 3,
    "model": "product.option",
    "fields": {
      "ordering": 3,
      "group": 1,
      "name": "L",
      "value": "l"
    }
  },
  {
    "pk": 4,
    "model": "product.option",
    "fields": {
      "ordering": 4,
      "group": 1,
      "name": "XL",
      "value": "xl"
    }
  },
  {
    "pk": 5,
    "model": "product.option",
    "fields": {
      "ordering": 5,
      "group": 1,
      "name": "XXL",
      "value": "xxl"
    }
  },
  {
    "pk": 7,
    "model": "product.option",
    "fields": {
      "ordering": 1,
      "group": 2,
      "name": "Red",
      "value": "red"
    }
  },
  {
    "pk": 8,
    "model": "product.option",
    "fields": {
      "ordering": 2,
      "group": 2,
      "name": "Blue",
      "value": "blue"
    }
  },
  {
    "pk": 9,
    "model": "product.option",
    "fields": {
      "ordering": 3,
      "group": 2,
      "name": "Black",
      "value": "black"
    }
  },
  {
    "pk": 10,
    "model": "product.option",
    "fields": {
      "ordering": 0,
      "group": 3,
      "name": "30",
      "value": "30"
    }
  },
  {
    "pk": 11,
    "model": "product.option",
    "fields": {
      "ordering": 10,
      "group": 3,
      "name": "32",
      "value": "32"
    }
  },
  {
    "pk": 12,
    "model": "product.option",
    "fields": {
      "ordering": 20,
      "group": 3,
      "name": "34",
      "value": "34"
    }
  },
  {
    "pk": 13,
    "model": "product.option",
    "fields": {
      "ordering": 30,
      "group": 3,
      "name": "36",
      "value": "36"
    }
  },
  {
    "pk": 14,
    "model": "product.option",
    "fields": {
      "ordering": 40,
      "group": 3,
      "name": "38",
      "value": "38"
    }
  },
  {
    "pk": 15,
    "model": "product.option",
    "fields": {
      "ordering": 50,
      "group": 3,
      "name": "40",
      "value": "40"
    }
  },
  {
    "pk": 1,
    "model": "product.product",
    "fields": {
      "sku": "duftkerze-xy",
      "is_featured": false,
      "name": "Duftkerze XY",
      "producer": null,
      "ordering": 0,
      "option_groups": [],
      "is_active": true,
      "slug": "duftkerze-xy",
      "categories": [],
      "description": ""
    }
  },
  {
    "pk": 2,
    "model": "product.product",
    "fields": {
      "sku": "t-shirt-abc",
      "is_featured": false,
      "name": "T-Shirt ABC",
      "producer": null,
      "ordering": 0,
      "option_groups": [
        1,
        2
      ],
      "is_active": true,
      "slug": "t-shirt-abc",
      "categories": [
        1
      ],
      "description": ""
    }
  },
  {
    "pk": 19,
    "model": "product.productvariation",
    "fields": {
      "sku": "duftkerze-xy-",
      "product": 1,
      "ordering": 0,
      "is_active": true,
      "options_name_cache": "",
      "items_in_stock": 10,
      "options": []
    }
  },
  {
    "pk": 4,
    "model": "product.productvariation",
    "fields": {
      "sku": "t-shirt-abc-xs-red",
      "product": 2,
      "ordering": 0,
      "is_active": true,
      "options_name_cache": "",
      "items_in_stock": 2,
      "options": [
        6,
        7
      ]
    }
  },
  {
    "pk": 5,
    "model": "product.productvariation",
    "fields": {
      "sku": "t-shirt-abc-xs-blue",
      "product": 2,
      "ordering": 1,
      "is_active": true,
      "options_name_cache": "",
      "items_in_stock": 2,
      "options": [
        6,
        8
      ]
    }
  },
  {
    "pk": 3,
    "model": "product.productvariation",
    "fields": {
      "sku": "t-shirt-abc-xs-black",
      "product": 2,
      "ordering": 2,
      "is_active": true,
      "options_name_cache": "",
      "items_in_stock": 2,
      "options": [
        6,
        9
      ]
    }
  },
  {
    "pk": 2,
    "model": "product.productvariation",
    "fields": {
      "sku": "rjnk",
      "product": 2,
      "ordering": 3,
      "is_active": true,
      "options_name_cache": "",
      "items_in_stock": 2,
      "options": [
        1,
        7
      ]
    }
  },
  {
    "pk": 6,
    "model": "product.productvariation",
    "fields": {
      "sku": "t-shirt-abc-s-blue",
      "product": 2,
      "ordering": 4,
      "is_active": true,
      "options_name_cache": "",
      "items_in_stock": 2,
      "options": [
        1,
        8
      ]
    }
  },
  {
    "pk": 7,
    "model": "product.productvariation",
    "fields": {
      "sku": "t-shirt-abc-s-black",
      "product": 2,
      "ordering": 5,
      "is_active": true,
      "options_name_cache": "",
      "items_in_stock": 2,
      "options": [
        1,
        9
      ]
    }
  },
  {
    "pk": 8,
    "model": "product.productvariation",
    "fields": {
      "sku": "t-shirt-abc-m-red",
      "product": 2,
      "ordering": 6,
      "is_active": true,
      "options_name_cache": "",
      "items_in_stock": 2,
      "options": [
        2,
        7
      ]
    }
  },
  {
    "pk": 9,
    "model": "product.productvariation",
    "fields": {
      "sku": "t-shirt-abc-m-blue",
      "product": 2,
      "ordering": 7,
      "is_active": true,
      "options_name_cache": "",
      "items_in_stock": 2,
      "options": [
        2,
        8
      ]
    }
  },
  {
    "pk": 10,
    "model": "product.productvariation",
    "fields": {
      "sku": "t-shirt-abc-m-black",
      "product": 2,
      "ordering": 8,
      "is_active": true,
      "options_name_cache": "",
      "items_in_stock": 2,
      "options": [
        2,
        9
      ]
    }
  },
  {
    "pk": 11,
    "model": "product.productvariation",
    "fields": {
      "sku": "t-shirt-abc-l-red",
      "product": 2,
      "ordering": 9,
      "is_active": true,
      "options_name_cache": "",
      "items_in_stock": 2,
      "options": [
        3,
        7
      ]
    }
  },
  {
    "pk": 12,
    "model": "product.productvariation",
    "fields": {
      "sku": "t-shirt-abc-l-blue",
      "product": 2,
      "ordering": 10,
      "is_active": true,
      "options_name_cache": "",
      "items_in_stock": 2,
      "options": [
        3,
        8
      ]
    }
  },
  {
    "pk": 13,
    "model": "product.productvariation",
    "fields": {
      "sku": "t-shirt-abc-l-black",
      "product": 2,
      "ordering": 11,
      "is_active": true,
      "options_name_cache": "",
      "items_in_stock": 2,
      "options": [
        3,
        9
      ]
    }
  },
  {
    "pk": 14,
    "model": "product.productvariation",
    "fields": {
      "sku": "t-shirt-abc-xl-red",
      "product": 2,
      "ordering": 12,
      "is_active": true,
      "options_name_cache": "",
      "items_in_stock": 2,
      "options": [
        4,
        7
      ]
    }
  },
  {
    "pk": 15,
    "model": "product.productvariation",
    "fields": {
      "sku": "t-shirt-abc-xl-blue",
      "product": 2,
      "ordering": 13,
      "is_active": true,
      "options_name_cache": "",
      "items_in_stock": 2,
      "options": [
        4,
        8
      ]
    }
  },
  {
    "pk": 16,
    "model": "product.productvariation",
    "fields": {
      "sku": "t-shirt-abc-xl-black",
      "product": 2,
      "ordering": 14,
      "is_active": true,
      "options_name_cache": "",
      "items_in_stock": 2,
      "options": [
        4,
        9
      ]
    }
  },
  {
    "pk": 17,
    "model": "product.productvariation",
    "fields": {
      "sku": "t-shirt-abc-xxl-red",
      "product": 2,
      "ordering": 15,
      "is_active": true,
      "options_name_cache": "",
      "items_in_stock": 2,
      "options": [
        5,
        7
      ]
    }
  },
  {
    "pk": 1,
    "model": "product.productvariation",
    "fields": {
      "sku": "23fgrt",
      "product": 2,
      "ordering": 16,
      "is_active": true,
      "options_name_cache": "",
      "items_in_stock": 2,
      "options": [
        5,
        8
      ]
    }
  },
  {
    "pk": 18,
    "model": "product.productvariation",
    "fields": {
      "sku": "t-shirt-abc-xxl-black",
      "product": 2,
      "ordering": 17,
      "is_active": true,
      "options_name_cache": "",
      "items_in_stock": 2,
      "options": [
        5,
        9
      ]
    }
  },
  {
    "pk": 1,
    "model": "product.productprice",
    "fields": {
      "valid_until": null,
      "product": 1,
      "valid_from": "2010-05-10",
      "_unit_price": "79.9",
      "tax_class": 1,
      "is_active": true,
      "currency": "CHF",
      "is_sale": false,
      "tax_included": true
    }
  },
  {
    "pk": 3,
    "model": "product.productprice",
    "fields": {
      "valid_until": null,
      "product": 2,
      "valid_from": "2010-05-10",
      "_unit_price": "29.9",
      "tax_class": 1,
      "is_active": true,
      "currency": "CHF",
      "is_sale": false,
      "tax_included": true
    }
  },
  {
    "pk": 2,
    "model": "product.productprice",
    "fields": {
      "valid_until": "2010-05-10",
      "product": 1,
      "valid_from": "2010-01-01",
      "_unit_price": "89.9",
      "tax_class": 1,
      "is_active": true,
      "currency": "CHF",
      "is_sale": false,
      "tax_included": true
    }
  }
]